Gene Name,MDCK_1,MDCK_2,MDCK_3,CA_1,CA_2,CA_3,KD_1,KD_2,KD_3
ITGB1,488.845093,524.617432,584.17627,478.409943,470.602448,415.756927,550.177917,517.334412,530.499268
VCL,154.844284,148.085327,132.126373,164.283783,160.223648,155.004868,211.769165,218.899338,218.515762
TGFBI,31.073257,29.047001,27.694672,22.987837,20.253202,19.473551,193.368805,186.904968,182.181305
COL5A1,22.106228,19.572609,20.315268,25.830235,24.336178,22.258505,80.400826,95.391823,90.96386
CCN2,11.697845,12.133048,11.398445,6.072078,4.832736,5.394914,37.628437,40.204163,38.467026
ITGA5,5.083356,4.906776,4.472719,13.91291,12.59155,13.329207,41.807213,45.464657,42.669777
